{
  "accuracy": [
    0.7735849022865295,
    0.8097484111785889,
    0.8430817723274231,
    0.8628931045532227,
    0.8723270297050476,
    0.8701257705688477,
    0.8773584961891174,
    0.8767295479774475,
    0.8710691928863525,
    0.8814465403556824,
    0.8820754885673523,
    0.8883647918701172,
    0.8852201104164124,
    0.8864780068397522,
    0.8886792659759521,
    0.8902515769004822,
    0.8933961987495422,
    0.897169828414917,
    0.8943396210670471,
    0.8984276652336121,
    0.902201235294342,
    0.902830183506012,
    0.8984276652336121,
    0.8984276652336121,
    0.9015723466873169,
    0.9015723466873169,
    0.902201235294342,
    0.9059748649597168,
    0.902515709400177,
    0.9056603908538818,
    0.902201235294342,
    0.9084905385971069,
    0.9081761240959167,
    0.9094339609146118,
    0.9056603908538818,
    0.9091194868087769,
    0.9081761240959167,
    0.9106917977333069,
    0.9132075309753418,
    0.9116352200508118,
    0.9160377383232117,
    0.9110062718391418,
    0.9100629091262817,
    0.9125786423683167,
    0.9138364791870117,
    0.9147799015045166,
    0.9157232642173767,
    0.9176100492477417,
    0.9163522124290466,
    0.9166666865348816,
    0.9141509532928467,
    0.9147799015045166,
    0.9185534715652466,
    0.9138364791870117,
    0.9179245233535767,
    0.9147799015045166,
    0.9188679456710815,
    0.9194968342781067,
    0.9210692048072815,
    0.9210692048072815,
    0.9220125675201416,
    0.9238993525505066,
    0.9238993525505066,
    0.9289308190345764,
    0.9210692048072815,
    0.9229559898376465,
    0.9238993525505066,
    0.9201257824897766,
    0.9220125675201416,
    0.9251572489738464,
    0.9267295598983765,
    0.9261006116867065,
    0.9270440340042114,
    0.9264150857925415,
    0.9257861375808716,
    0.9292452931404114,
    0.9220125675201416,
    0.9264150857925415,
    0.9292452931404114,
    0.9298742413520813,
    0.9283018708229065,
    0.9242138266563416
  ],
  "auc": [
    0.5544230341911316,
    0.7951501607894897,
    0.8731189966201782,
    0.8985093832015991,
    0.9116637110710144,
    0.9142049551010132,
    0.9205354452133179,
    0.9265867471694946,
    0.9253848195075989,
    0.93101567029953,
    0.9351785182952881,
    0.934914767742157,
    0.9347002506256104,
    0.9374030828475952,
    0.9399672746658325,
    0.9402890801429749,
    0.940545380115509,
    0.9469759464263916,
    0.9440427422523499,
    0.945948600769043,
    0.94835364818573,
    0.9476867318153381,
    0.9449019432067871,
    0.9478729367256165,
    0.9503008723258972,
    0.9503368139266968,
    0.9516387581825256,
    0.9521142244338989,
    0.95127934217453,
    0.9538861513137817,
    0.9515945911407471,
    0.9529850482940674,
    0.955497682094574,
    0.954352080821991,
    0.9523860216140747,
    0.9561053514480591,
    0.9581552743911743,
    0.9560798406600952,
    0.9598415493965149,
    0.9602788686752319,
    0.9601287841796875,
    0.9588871598243713,
    0.9575348496437073,
    0.9619960784912109,
    0.9594299793243408,
    0.9614041447639465,
    0.9604387283325195,
    0.963613748550415,
    0.9607222080230713,
    0.9587469100952148,
    0.9616395235061646,
    0.9634696245193481,
    0.9646296501159668,
    0.9626836180686951,
    0.9646048545837402,
    0.9632894992828369,
    0.9671763777732849,
    0.9615079164505005,
    0.9639537930488586,
    0.9657723903656006,
    0.9670700430870056,
    0.9685311317443848,
    0.9672898054122925,
    0.9684749841690063,
    0.9668056964874268,
    0.9678438901901245,
    0.9706428050994873,
    0.9695358276367188,
    0.9679803848266602,
    0.9683294892311096,
    0.9664602875709534,
    0.9689669609069824,
    0.9685900807380676,
    0.9699328541755676,
    0.9691421389579773,
    0.96852707862854,
    0.9684101343154907,
    0.9706575870513916,
    0.9691396355628967,
    0.9718077778816223,
    0.9720622301101685,
    0.9719347953796387
  ],
  "loss": [
    0.5415633916854858,
    0.43173688650131226,
    0.3564540147781372,
    0.3172445297241211,
    0.29633015394210815,
    0.290636271238327,
    0.283185213804245,
    0.27376702427864075,
    0.2754916250705719,
    0.2647947371006012,
    0.2571605443954468,
    0.2566477656364441,
    0.25701120495796204,
    0.25170081853866577,
    0.24599897861480713,
    0.24648214876651764,
    0.24381573498249054,
    0.23419910669326782,
    0.23755571246147156,
    0.23494577407836914,
    0.227595716714859,
    0.2289751172065735,
    0.23558571934700012,
    0.23120476305484772,
    0.22416839003562927,
    0.2245665192604065,
    0.22180862724781036,
    0.2205820083618164,
    0.22216682136058807,
    0.2173580527305603,
    0.2200407087802887,
    0.21736612915992737,
    0.2136923223733902,
    0.21296383440494537,
    0.2184690684080124,
    0.2104690819978714,
    0.2059560865163803,
    0.21098576486110687,
    0.20488916337490082,
    0.20146894454956055,
    0.2008231282234192,
    0.20411516726016998,
    0.20682916045188904,
    0.19712580740451813,
    0.20123915374279022,
    0.1983593851327896,
    0.19947557151317596,
    0.19167585670948029,
    0.19951452314853668,
    0.20111219584941864,
    0.19685102999210358,
    0.19401395320892334,
    0.19065998494625092,
    0.1959080547094345,
    0.18795469403266907,
    0.19214028120040894,
    0.18522804975509644,
    0.19448015093803406,
    0.1896507441997528,
    0.18584978580474854,
    0.18402521312236786,
    0.1798955500125885,
    0.18211732804775238,
    0.18154631555080414,
    0.1833268105983734,
    0.17959114909172058,
    0.17441511154174805,
    0.17624598741531372,
    0.18163777887821198,
    0.17927506566047668,
    0.1838775873184204,
    0.17873825132846832,
    0.18015338480472565,
    0.17522644996643066,
    0.17532573640346527,
    0.1769406646490097,
    0.1792835146188736,
    0.17347189784049988,
    0.17647096514701843,
    0.16963903605937958,
    0.168379545211792,
    0.17041610181331635
  ],
  "val_accuracy": [
    0.7949685454368591,
    0.8389937281608582,
    0.8691824078559875,
    0.8943396210670471,
    0.8842767477035522,
    0.8817610144615173,
    0.8880503177642822,
    0.8691824078559875,
    0.8893081545829773,
    0.8855345845222473,
    0.8842767477035522,
    0.8716981410980225,
    0.8830188512802124,
    0.8842767477035522,
    0.8830188512802124,
    0.8855345845222473,
    0.8855345845222473,
    0.8855345845222473,
    0.8842767477035522,
    0.8867924809455872,
    0.8867924809455872,
    0.8880503177642822,
    0.8855345845222473,
    0.8855345845222473,
    0.8918238878250122,
    0.8880503177642822,
    0.8880503177642822,
    0.8955974578857422,
    0.8880503177642822,
    0.8918238878250122,
    0.8943396210670471,
    0.8893081545829773,
    0.896855354309082,
    0.896855354309082,
    0.8880503177642822,
    0.8918238878250122,
    0.8893081545829773,
    0.8855345845222473,
    0.8880503177642822,
    0.8842767477035522,
    0.8867924809455872,
    0.9031446576118469,
    0.8817610144615173,
    0.8880503177642822,
    0.8918238878250122,
    0.8943396210670471,
    0.893081784248352,
    0.893081784248352,
    0.8981131911277771,
    0.8955974578857422,
    0.8943396210670471,
    0.9031446576118469,
    0.8955974578857422,
    0.9018868207931519,
    0.8955974578857422,
    0.9031446576118469,
    0.9031446576118469,
    0.9031446576118469,
    0.900628924369812,
    0.9031446576118469,
    0.8993710875511169,
    0.896855354309082,
    0.8918238878250122,
    0.904402494430542,
    0.904402494430542,
    0.9031446576118469,
    0.9018868207931519,
    0.8981131911277771,
    0.904402494430542,
    0.900628924369812,
    0.900628924369812,
    0.9069182276725769,
    0.9106917977333069,
    0.9031446576118469,
    0.9018868207931519,
    0.9081761240959167,
    0.9119496941566467,
    0.9132075309753418,
    0.9069182276725769,
    0.9081761240959167,
    0.8981131911277771,
    0.9094339609146118
  ],