{
  "keras_evaluate": {
    "loss": 0.2087746113538742,
    "accuracy": 0.9164990186691284,
    "auc": 0.9546613693237305
  },
  "sklearn": {
    "roc_auc": 0.9560758915597626,
    "pr_auc": 0.8935044958994377,
    "confusion_matrix": [
      [
        744,
        33
      ],
      [
        50,
        167
      ]
    ],
    "classification_report": {
      "0": {
        "precision": 0.9370277078085643,
        "recall": 0.9575289575289575,
        "f1-score": 0.9471674092934437,
        "support": 777.0
      },
      "1": {
        "precision": 0.835,
        "recall": 0.7695852534562212,
        "f1-score": 0.8009592326139089,
        "support": 217.0
      },
      "accuracy": 0.9164989939637826,
      "macro avg": {
        "precision": 0.8860138539042821,
        "recall": 0.8635571054925893,
        "f1-score": 0.8740633209536763,
        "support": 994.0
      },
      "weighted avg": {
        "precision": 0.9147540532869762,
        "recall": 0.9164989939637826,
        "f1-score": 0.9152487228352353,
        "support": 994.0
      }
    }
  }
}