{
  "accuracy": [
    0.7616352438926697,
    0.799371063709259,
    0.8364779949188232,
    0.8594339489936829,
    0.8628931045532227,
    0.8757861852645874,
    0.8720125555992126,
    0.8814465403556824,
    0.8761005997657776,
    0.8883647918701172,
    0.8871068954467773,
    0.8921383619308472,
    0.8915094137191772,
    0.8937106728553772,
    0.8924528360366821,
    0.8874213695526123,
    0.8993710875511169,
    0.8933961987495422,
    0.8908805251121521,
    0.8955974578857422,
    0.8933961987495422,
    0.9015723466873169,
    0.899056613445282,
    0.894968569278717,
    0.904716968536377,
    0.8999999761581421,
    0.902830183506012,
    0.8984276652336121,
    0.8955974578857422
  ],
  "auc": [
    0.5557712912559509,
    0.7884142398834229,
    0.8592338562011719,
    0.8879255652427673,
    0.8996101021766663,
    0.9128476977348328,
    0.9154982566833496,
    0.9206143617630005,
    0.9208709001541138,
    0.9292376041412354,
    0.9313850402832031,
    0.9317750930786133,
    0.9326806664466858,
    0.9396568536758423,
    0.9387415051460266,
    0.9397529363632202,
    0.9438113570213318,
    0.9439033269882202,
    0.9440509080886841,
    0.9422467947006226,
    0.944577693939209,
    0.946199357509613,
    0.9483118057250977,
    0.945127010345459,
    0.9499064087867737,
    0.9476115703582764,
    0.9529241323471069,
    0.9499917030334473,
    0.9506982564926147
  ],
  "loss": [
    0.5496399402618408,
    0.4428059756755829,
    0.3721243739128113,
    0.33284592628479004,
    0.31574538350105286,
    0.2944668233394623,
    0.2903173267841339,
    0.2810126841068268,
    0.2819453179836273,
    0.265769362449646,
    0.26179489493370056,
    0.25983870029449463,
    0.25912222266197205,
    0.24574020504951477,
    0.24873989820480347,
    0.2471827119588852,
    0.23747748136520386,
    0.23910722136497498,
    0.2373276650905609,
    0.24142543971538544,
    0.2361123114824295,
    0.2322729080915451,
    0.23066504299640656,
    0.2340603470802307,
    0.22295421361923218,
    0.22805817425251007,
    0.21954844892024994,
    0.22431401908397675,
    0.2234182059764862
  ],
  "val_accuracy": [
    0.7849056720733643,
    0.8226414918899536,
    0.8742138147354126,
    0.8805031180381775,
    0.8792452812194824,
    0.8918238878250122,
    0.8905660510063171,
    0.893081784248352,
    0.893081784248352,
    0.8893081545829773,
    0.8805031180381775,
    0.8981131911277771,
    0.893081784248352,
    0.8893081545829773,
    0.8955974578857422,
    0.8905660510063171,
    0.8880503177642822,
    0.8943396210670471,
    0.893081784248352,
    0.8867924809455872,
    0.893081784248352,
    0.8893081545829773,
    0.896855354309082,
    0.8981131911277771,
    0.8955974578857422,
    0.8893081545829773,
    0.8905660510063171,
    0.8955974578857422,
    0.8955974578857422
  ],
  "val_auc": [
    0.7389928698539734,
    0.8452869653701782,
    0.8893715143203735,
    0.9037384390830994,
    0.9100689888000488,
    0.9106594324111938,
    0.9155561327934265,
    0.921329140663147,
    0.920752763748169,
    0.921942949295044,
    0.925452709197998,
    0.9287655353546143,
    0.9295059442520142,
    0.9291123151779175,
    0.9301854372024536,
    0.9335639476776123,
    0.9324674010276794,
    0.9325329661369324,
    0.9355928301811218,
    0.9340183734893799,
    0.9331234097480774,
    0.9342620968818665,
    0.9343651533126831,
    0.9315910935401917,
    0.9328235387802124,
    0.9335873126983643,
    0.9325657486915588,
    0.9350305795669556,
    0.9326079487800598
  ],
  "val_loss": [
    0.4794412851333618,
    0.3952762186527252,
    0.33447736501693726,
    0.30936330556869507,
    0.29704275727272034,
    0.28981608152389526,
    0.2830739915370941,
    0.2753922939300537,
    0.274379700422287,
    0.27208411693573,
    0.26877275109291077,
    0.2619751989841461,
    0.2608364522457123,
    0.2609339952468872,
    0.2563791275024414,
    0.2567141056060791,
    0.2601439356803894,
    0.2546057403087616,
    0.25262516736984253,
    0.25487202405929565,
    0.2515982687473297,
    0.2535555958747864,
    0.24911339581012726,
    0.2533990144729614,
    0.2511768043041229,
    0.254804790019989,
    0.2538966238498688,
    0.24737155437469482,
    0.2517733573913574
  ]
}