{
  "keras_evaluate": {
    "loss": 0.2265913188457489,
    "accuracy": 0.9004024267196655,
    "auc": 0.9478052854537964
  },
  "sklearn": {
    "roc_auc": 0.9478853441987083,
    "pr_auc": 0.8802196557318126,
    "confusion_matrix": [
      [
        732,
        45
      ],
      [
        54,
        163
      ]
    ],
    "classification_report": {
      "0": {
        "precision": 0.9312977099236641,
        "recall": 0.9420849420849421,
        "f1-score": 0.9366602687140115,
        "support": 777.0
      },
      "1": {
        "precision": 0.7836538461538461,
        "recall": 0.7511520737327189,
        "f1-score": 0.7670588235294118,
        "support": 217.0
      },
      "accuracy": 0.9004024144869215,
      "macro avg": {
        "precision": 0.8574757780387552,
        "recall": 0.8466185079088304,
        "f1-score": 0.8518595461217117,
        "support": 994.0
      },
      "weighted avg": {
        "precision": 0.8990655988189855,
        "recall": 0.9004024144869215,
        "f1-score": 0.8996346011032892,
        "support": 994.0
      }
    }
  }
}